<?xml version="1.0" encoding="UTF-8" ?>
<module>
	<name>seopult</name>
	<displayName><![CDATA[SeoPult module]]></displayName>
	<version><![CDATA[1.0.0]]></version>
	<description><![CDATA[Сервис самостоятельного автоматизированного продвижения сайтов в ТОП10 поисковых систем Яндекс и Google]]></description>
	<author><![CDATA[SeoPult]]></author>
	<tab><![CDATA[seo]]></tab>
	<confirmUninstall><![CDATA[Вы действительно хотите удалить модуль SeoPult?]]></confirmUninstall>
	<is_configurable>1</is_configurable>
	<need_instance>1</need_instance>
	<limited_countries></limited_countries>
</module>